path,parent_path,plant_id,type,latitude,longitude,manufacturer,model,description,downstream_power
MAF.PS01.MTRK01,MAF.PS01.I001,9,Master_Tracker,32.35295,36.292272,,,,2164.5
MAF.PS02.MTRK01,MAF.PS02.I001,9,Master_Tracker,32.35295,36.292272,,,,2164.5
MAF.PS03.MTRK01,MAF.PS03.I001,9,Master_Tracker,32.35295,36.292272,,,,2164.5
MAF.PS04.MTRK01,MAF.PS04.I001,9,Master_Tracker,32.35295,36.292272,,,,2164.5
MAF.PS05.MTRK01,MAF.PS05.I001,9,Master_Tracker,32.35295,36.292272,,,,2164.5
MAF.PS06.MTRK01,MAF.PS06.I001,9,Master_Tracker,32.35295,36.292272,,,,2164.5
MAF.PS07.MTRK01,MAF.PS07.I001,9,Master_Tracker,32.35295,36.292272,,,,2164.5
MAF.PS08.MTRK01,MAF.PS08.I001,9,Master_Tracker,32.35295,36.292272,,,,2145.0
MAF.PS09.MTRK01,MAF.PS09.I001,9,Master_Tracker,32.35295,36.292272,,,,2164.5
MAF.PS10.MTRK01,MAF.PS10.I001,9,Master_Tracker,32.35295,36.292272,,,,2145.0
MAF.PS11.MTRK01,MAF.PS11.I001,9,Master_Tracker,32.35295,36.292272,,,,2164.5
MAF.PS12.MTRK01,MAF.PS12.I001,9,Master_Tracker,32.35295,36.292272,,,,2164.5
MAF.PS13.MTRK01,MAF.PS13.I001,9,Master_Tracker,32.35295,36.292272,,,,2164.5
MAF.PS14.MTRK01,MAF.PS14.I001,9,Master_Tracker,32.35295,36.292272,,,,2164.5
MAF.PS15.MTRK01,MAF.PS15.I001,9,Master_Tracker,32.35295,36.292272,,,,2164.5
MAF.PS16.MTRK01,MAF.PS16.I001,9,Master_Tracker,32.35295,36.292272,,,,2047.5
MAF.PS01.I001.TRK001,MAF.PS01.I001,9,Tracker,32.35295,36.292272,,,,351.0
MAF.PS01.I001.TRK002,MAF.PS01.I001,9,Tracker,32.35295,36.292272,,,,351.0
MAF.PS01.I001.TRK003,MAF.PS01.I001,9,Tracker,32.35295,36.292272,,,,351.0
MAF.PS01.I001.TRK007,MAF.PS01.I001,9,Tracker,32.35295,36.292272,,,,351.0
MAF.PS01.I001.TRK008,MAF.PS01.I001,9,Tracker,32.35295,36.292272,,,,351.0
MAF.PS01.I001.TRK009,MAF.PS01.I001,9,Tracker,32.35295,36.292272,,,,351.0
MAF.PS01.I002.TRK004,MAF.PS01.I002,9,Tracker,32.35295,36.292272,,,,351.0
MAF.PS01.I002.TRK005,MAF.PS01.I002,9,Tracker,32.35295,36.292272,,,,351.0
MAF.PS01.I002.TRK006,MAF.PS01.I002,9,Tracker,32.35295,36.292272,,,,351.0
MAF.PS01.I002.TRK010,MAF.PS01.I002,9,Tracker,32.35295,36.292272,,,,351.0
MAF.PS01.I002.TRK011,MAF.PS01.I002,9,Tracker,32.35295,36.292272,,,,351.0
MAF.PS01.I002.TRK012,MAF.PS01.I002,9,Tracker,32.35295,36.292272,,,,351.0
MAF.PS01.I002.TRK013,MAF.PS01.I002,9,Tracker,32.35295,36.292272,,,,97.5
MAF.PS02.I001.TRK001,MAF.PS02.I001,9,Tracker,32.35295,36.292272,,,,351.0
MAF.PS02.I001.TRK002,MAF.PS02.I001,9,Tracker,32.35295,36.292272,,,,351.0
MAF.PS02.I001.TRK003,MAF.PS02.I001,9,Tracker,32.35295,36.292272,,,,351.0
MAF.PS02.I001.TRK008,MAF.PS02.I001,9,Tracker,32.35295,36.292272,,,,253.5
MAF.PS02.I002.TRK004,MAF.PS02.I002,9,Tracker,32.35295,36.292272,,,,351.0
MAF.PS02.I002.TRK005,MAF.PS02.I002,9,Tracker,32.35295,36.292272,,,,351.0
MAF.PS02.I002.TRK006,MAF.PS02.I002,9,Tracker,32.35295,36.292272,,,,351.0
MAF.PS02.I002.TRK007,MAF.PS02.I002,9,Tracker,32.35295,36.292272,,,,351.0
MAF.PS02.I001.TRK009,MAF.PS02.I001,9,Tracker,32.35295,36.292272,,,,351.0
MAF.PS02.I001.TRK010,MAF.PS02.I001,9,Tracker,32.35295,36.292272,,,,351.0
MAF.PS02.I002.TRK011,MAF.PS02.I002,9,Tracker,32.35295,36.292272,,,,351.0
MAF.PS02.I002.TRK012,MAF.PS02.I002,9,Tracker,32.35295,36.292272,,,,351.0
MAF.PS02.I001.TRK013,MAF.PS02.I001,9,Tracker,32.35295,36.292272,,,,195.0
MAF.PS03.I001.TRK001,MAF.PS03.I001,9,Tracker,32.35295,36.292272,,,,351.0
MAF.PS03.I001.TRK002,MAF.PS03.I001,9,Tracker,32.35295,36.292272,,,,351.0
MAF.PS03.I001.TRK003,MAF.PS03.I001,9,Tracker,32.35295,36.292272,,,,351.0
MAF.PS03.I001.TRK007,MAF.PS03.I001,9,Tracker,32.35295,36.292272,,,,351.0
MAF.PS03.I001.TRK008,MAF.PS03.I001,9,Tracker,32.35295,36.292272,,,,351.0
MAF.PS03.I001.TRK009,MAF.PS03.I001,9,Tracker,32.35295,36.292272,,,,351.0
MAF.PS03.I002.TRK004,MAF.PS03.I002,9,Tracker,32.35295,36.292272,,,,351.0
MAF.PS03.I002.TRK005,MAF.PS03.I002,9,Tracker,32.35295,36.292272,,,,351.0
MAF.PS03.I002.TRK006,MAF.PS03.I002,9,Tracker,32.35295,36.292272,,,,351.0
MAF.PS03.I002.TRK010,MAF.PS03.I002,9,Tracker,32.35295,36.292272,,,,351.0
MAF.PS03.I002.TRK011,MAF.PS03.I002,9,Tracker,32.35295,36.292272,,,,351.0
MAF.PS03.I002.TRK012,MAF.PS03.I002,9,Tracker,32.35295,36.292272,,,,351.0
MAF.PS03.I002.TRK013,MAF.PS03.I002,9,Tracker,32.35295,36.292272,,,,97.5
MAF.PS04.I001.TRK001,MAF.PS04.I001,9,Tracker,32.35295,36.292272,,,,351.0
MAF.PS04.I001.TRK002,MAF.PS04.I001,9,Tracker,32.35295,36.292272,,,,351.0
MAF.PS04.I001.TRK003,MAF.PS04.I001,9,Tracker,32.35295,36.292272,,,,351.0
MAF.PS04.I001.TRK004,MAF.PS04.I001,9,Tracker,32.35295,36.292272,,,,351.0
MAF.PS04.I001.TRK005,MAF.PS04.I001,9,Tracker,32.35295,36.292272,,,,351.0
MAF.PS04.I001.TRK009,MAF.PS04.I001,9,Tracker,32.35295,36.292272,,,,253.5
MAF.PS04.I002.TRK006,MAF.PS04.I002,9,Tracker,32.35295,36.292272,,,,351.0
MAF.PS04.I002.TRK007,MAF.PS04.I002,9,Tracker,32.35295,36.292272,,,,351.0
MAF.PS04.I002.TRK008,MAF.PS04.I002,9,Tracker,32.35295,36.292272,,,,351.0
MAF.PS04.I002.TRK010,MAF.PS04.I002,9,Tracker,32.35295,36.292272,,,,351.0
MAF.PS04.I002.TRK011,MAF.PS04.I002,9,Tracker,32.35295,36.292272,,,,351.0
MAF.PS04.I002.TRK012,MAF.PS04.I002,9,Tracker,32.35295,36.292272,,,,351.0
MAF.PS04.I002.TRK013,MAF.PS04.I002,9,Tracker,32.35295,36.292272,,,,195.0
MAF.PS05.I001.TRK001,MAF.PS05.I001,9,Tracker,32.35295,36.292272,,,,351.0
MAF.PS05.I001.TRK002,MAF.PS05.I001,9,Tracker,32.35295,36.292272,,,,351.0
MAF.PS05.I001.TRK003,MAF.PS05.I001,9,Tracker,32.35295,36.292272,,,,351.0
MAF.PS05.I001.TRK007,MAF.PS05.I001,9,Tracker,32.35295,36.292272,,,,351.0
MAF.PS05.I001.TRK008,MAF.PS05.I001,9,Tracker,32.35295,36.292272,,,,351.0
MAF.PS05.I001.TRK009,MAF.PS05.I001,9,Tracker,32.35295,36.292272,,,,351.0
MAF.PS05.I002.TRK004,MAF.PS05.I002,9,Tracker,32.35295,36.292272,,,,351.0
MAF.PS05.I002.TRK005,MAF.PS05.I002,9,Tracker,32.35295,36.292272,,,,351.0
MAF.PS05.I002.TRK006,MAF.PS05.I002,9,Tracker,32.35295,36.292272,,,,351.0
MAF.PS05.I002.TRK010,MAF.PS05.I002,9,Tracker,32.35295,36.292272,,,,351.0
MAF.PS05.I002.TRK011,MAF.PS05.I001,9,Tracker,32.35295,36.292272,,,,351.0
MAF.PS05.I002.TRK012,MAF.PS05.I001,9,Tracker,32.35295,36.292272,,,,351.0
MAF.PS05.I002.TRK013,MAF.PS05.I002,9,Tracker,32.35295,36.292272,,,,97.5
MAF.PS06.I001.TRK001,MAF.PS06.I001,9,Tracker,32.35295,36.292272,,,,351.0
MAF.PS06.I001.TRK002,MAF.PS06.I001,9,Tracker,32.35295,36.292272,,,,351.0
MAF.PS06.I001.TRK003,MAF.PS06.I001,9,Tracker,32.35295,36.292272,,,,351.0
MAF.PS06.I001.TRK004,MAF.PS06.I001,9,Tracker,32.35295,36.292272,,,,351.0
MAF.PS06.I001.TRK005,MAF.PS06.I001,9,Tracker,32.35295,36.292272,,,,351.0
MAF.PS06.I001.TRK010,MAF.PS06.I001,9,Tracker,32.35295,36.292272,,,,351.0
MAF.PS06.I002.TRK011,MAF.PS06.I002,9,Tracker,32.35295,36.292272,,,,351.0
MAF.PS06.I002.TRK012,MAF.PS06.I001,9,Tracker,32.35295,36.292272,,,,253.5
MAF.PS06.I002.TRK006,MAF.PS06.I002,9,Tracker,32.35295,36.292272,,,,351.0
MAF.PS06.I002.TRK007,MAF.PS06.I002,9,Tracker,32.35295,36.292272,,,,351.0
MAF.PS06.I002.TRK008,MAF.PS06.I002,9,Tracker,32.35295,36.292272,,,,195.0
MAF.PS06.I002.TRK009,MAF.PS06.I002,9,Tracker,32.35295,36.292272,,,,351.0
MAF.PS06.I002.TRK013,MAF.PS06.I002,9,Tracker,32.35295,36.292272,,,,351.0
MAF.PS07.I001.TRK001,MAF.PS07.I001,9,Tracker,32.35295,36.292272,,,,351.0
MAF.PS07.I001.TRK002,MAF.PS07.I001,9,Tracker,32.35295,36.292272,,,,351.0
MAF.PS07.I001.TRK003,MAF.PS07.I001,9,Tracker,32.35295,36.292272,,,,351.0
MAF.PS07.I001.TRK007,MAF.PS07.I001,9,Tracker,32.35295,36.292272,,,,351.0
MAF.PS07.I001.TRK008,MAF.PS07.I001,9,Tracker,32.35295,36.292272,,,,351.0
MAF.PS07.I001.TRK009,MAF.PS07.I001,9,Tracker,32.35295,36.292272,,,,351.0
MAF.PS07.I002.TRK004,MAF.PS07.I002,9,Tracker,32.35295,36.292272,,,,351.0
MAF.PS07.I002.TRK005,MAF.PS07.I002,9,Tracker,32.35295,36.292272,,,,351.0
MAF.PS07.I002.TRK006,MAF.PS07.I002,9,Tracker,32.35295,36.292272,,,,351.0
MAF.PS07.I002.TRK010,MAF.PS07.I002,9,Tracker,32.35295,36.292272,,,,351.0
MAF.PS07.I002.TRK011,MAF.PS07.I002,9,Tracker,32.35295,36.292272,,,,351.0
MAF.PS07.I002.TRK012,MAF.PS07.I002,9,Tracker,32.35295,36.292272,,,,351.0
MAF.PS07.I002.TRK013,MAF.PS07.I002,9,Tracker,32.35295,36.292272,,,,97.5
MAF.PS08.I001.TRK004,MAF.PS08.I001,9,Tracker,32.35295,36.292272,,,,351.0
MAF.PS08.I001.TRK005,MAF.PS08.I001,9,Tracker,32.35295,36.292272,,,,351.0
MAF.PS08.I001.TRK006,MAF.PS08.I001,9,Tracker,32.35295,36.292272,,,,351.0
MAF.PS08.I001.TRK010,MAF.PS08.I001,9,Tracker,32.35295,36.292272,,,,351.0
MAF.PS08.I001.TRK011,MAF.PS08.I001,9,Tracker,32.35295,36.292272,,,,351.0
MAF.PS08.I001.TRK012,MAF.PS08.I001,9,Tracker,32.35295,36.292272,,,,253.5
MAF.PS08.I002.TRK001,MAF.PS08.I002,9,Tracker,32.35295,36.292272,,,,351.0
MAF.PS08.I002.TRK002,MAF.PS08.I002,9,Tracker,32.35295,36.292272,,,,351.0
MAF.PS08.I002.TRK003,MAF.PS08.I002,9,Tracker,32.35295,36.292272,,,,195.0
MAF.PS08.I002.TRK007,MAF.PS08.I002,9,Tracker,32.35295,36.292272,,,,351.0
MAF.PS08.I002.TRK008,MAF.PS08.I002,9,Tracker,32.35295,36.292272,,,,351.0
MAF.PS08.I002.TRK009,MAF.PS08.I002,9,Tracker,32.35295,36.292272,,,,351.0
MAF.PS08.I002.TRK013,MAF.PS08.I002,9,Tracker,32.35295,36.292272,,,,351.0
MAF.PS09.I001.TRK001,MAF.PS09.I001,9,Tracker,32.35295,36.292272,,,,351.0
MAF.PS09.I001.TRK002,MAF.PS09.I001,9,Tracker,32.35295,36.292272,,,,351.0
MAF.PS09.I001.TRK003,MAF.PS09.I001,9,Tracker,32.35295,36.292272,,,,351.0
MAF.PS09.I001.TRK007,MAF.PS09.I001,9,Tracker,32.35295,36.292272,,,,351.0
MAF.PS09.I001.TRK008,MAF.PS09.I001,9,Tracker,32.35295,36.292272,,,,351.0
MAF.PS09.I001.TRK009,MAF.PS09.I001,9,Tracker,32.35295,36.292272,,,,351.0
MAF.PS09.I002.TRK004,MAF.PS09.I002,9,Tracker,32.35295,36.292272,,,,351.0
MAF.PS09.I002.TRK005,MAF.PS09.I002,9,Tracker,32.35295,36.292272,,,,351.0
MAF.PS09.I002.TRK006,MAF.PS09.I002,9,Tracker,32.35295,36.292272,,,,351.0
MAF.PS09.I002.TRK010,MAF.PS09.I002,9,Tracker,32.35295,36.292272,,,,351.0
MAF.PS09.I002.TRK011,MAF.PS09.I002,9,Tracker,32.35295,36.292272,,,,351.0
MAF.PS09.I002.TRK012,MAF.PS09.I002,9,Tracker,32.35295,36.292272,,,,351.0
MAF.PS09.I002.TRK013,MAF.PS09.I002,9,Tracker,32.35295,36.292272,,,,97.5
MAF.PS10.I001.TRK003,MAF.PS10.I001,9,Tracker,32.35295,36.292272,,,,351.0
MAF.PS10.I001.TRK004,MAF.PS10.I001,9,Tracker,32.35295,36.292272,,,,351.0
MAF.PS10.I001.TRK005,MAF.PS10.I001,9,Tracker,32.35295,36.292272,,,,351.0
MAF.PS10.I001.TRK009,MAF.PS10.I001,9,Tracker,32.35295,36.292272,,,,351.0
MAF.PS10.I001.TRK010,MAF.PS10.I001,9,Tracker,32.35295,36.292272,,,,253.5
MAF.PS10.I002.TRK001,MAF.PS10.I002,9,Tracker,32.35295,36.292272,,,,351.0
MAF.PS10.I002.TRK002,MAF.PS10.I002,9,Tracker,32.35295,36.292272,,,,351.0
MAF.PS10.I002.TRK006,MAF.PS10.I002,9,Tracker,32.35295,36.292272,,,,351.0
MAF.PS10.I002.TRK007,MAF.PS10.I002,9,Tracker,32.35295,36.292272,,,,351.0
MAF.PS10.I002.TRK008,MAF.PS10.I002,9,Tracker,32.35295,36.292272,,,,351.0
MAF.PS10.I001.TRK011,MAF.PS10.I001,9,Tracker,32.35295,36.292272,,,,351.0
MAF.PS10.I001.TRK012,MAF.PS10.I001,9,Tracker,32.35295,36.292272,,,,195.0
MAF.PS10.I002.TRK013,MAF.PS10.I002,9,Tracker,32.35295,36.292272,,,,351.0
MAF.PS11.I001.TRK001,MAF.PS11.I001,9,Tracker,32.35295,36.292272,,,,351.0
MAF.PS11.I001.TRK002,MAF.PS11.I001,9,Tracker,32.35295,36.292272,,,,351.0
MAF.PS11.I001.TRK003,MAF.PS11.I001,9,Tracker,32.35295,36.292272,,,,351.0
MAF.PS11.I001.TRK007,MAF.PS11.I001,9,Tracker,32.35295,36.292272,,,,351.0
MAF.PS11.I001.TRK008,MAF.PS11.I001,9,Tracker,32.35295,36.292272,,,,351.0
MAF.PS11.I001.TRK009,MAF.PS11.I001,9,Tracker,32.35295,36.292272,,,,351.0
MAF.PS11.I002.TRK004,MAF.PS11.I002,9,Tracker,32.35295,36.292272,,,,351.0
MAF.PS11.I002.TRK005,MAF.PS11.I002,9,Tracker,32.35295,36.292272,,,,351.0
MAF.PS11.I002.TRK006,MAF.PS11.I002,9,Tracker,32.35295,36.292272,,,,351.0
MAF.PS11.I002.TRK010,MAF.PS11.I002,9,Tracker,32.35295,36.292272,,,,351.0
MAF.PS11.I002.TRK011,MAF.PS11.I002,9,Tracker,32.35295,36.292272,,,,351.0
MAF.PS11.I002.TRK012,MAF.PS11.I002,9,Tracker,32.35295,36.292272,,,,351.0
MAF.PS11.I002.TRK013,MAF.PS11.I002,9,Tracker,32.35295,36.292272,,,,97.5
MAF.PS12.I001.TRK001,MAF.PS12.I001,9,Tracker,32.35295,36.292272,,,,351.0
MAF.PS12.I001.TRK002,MAF.PS12.I001,9,Tracker,32.35295,36.292272,,,,351.0
MAF.PS12.I001.TRK003,MAF.PS12.I001,9,Tracker,32.35295,36.292272,,,,351.0
MAF.PS12.I001.TRK004,MAF.PS12.I001,9,Tracker,32.35295,36.292272,,,,351.0
MAF.PS12.I001.TRK008,MAF.PS12.I001,9,Tracker,32.35295,36.292272,,,,351.0
MAF.PS12.I001.TRK009,MAF.PS12.I001,9,Tracker,32.35295,36.292272,,,,351.0
MAF.PS12.I002.TRK010,MAF.PS12.I002,9,Tracker,32.35295,36.292272,,,,253.5
MAF.PS12.I002.TRK013,MAF.PS12.I002,9,Tracker,32.35295,36.292272,,,,351.0
MAF.PS12.I002.TRK005,MAF.PS12.I002,9,Tracker,32.35295,36.292272,,,,351.0
MAF.PS12.I002.TRK006,MAF.PS12.I002,9,Tracker,32.35295,36.292272,,,,351.0
MAF.PS12.I002.TRK007,MAF.PS12.I002,9,Tracker,32.35295,36.292272,,,,195.0
MAF.PS12.I002.TRK011,MAF.PS12.I002,9,Tracker,32.35295,36.292272,,,,351.0
MAF.PS12.I002.TRK012,MAF.PS12.I002,9,Tracker,32.35295,36.292272,,,,351.0
MAF.PS13.I001.TRK001,MAF.PS13.I001,9,Tracker,32.35295,36.292272,,,,351.0
MAF.PS13.I001.TRK002,MAF.PS13.I001,9,Tracker,32.35295,36.292272,,,,351.0
MAF.PS13.I001.TRK003,MAF.PS13.I001,9,Tracker,32.35295,36.292272,,,,351.0
MAF.PS13.I001.TRK007,MAF.PS13.I001,9,Tracker,32.35295,36.292272,,,,351.0
MAF.PS13.I001.TRK008,MAF.PS13.I001,9,Tracker,32.35295,36.292272,,,,351.0
MAF.PS13.I001.TRK009,MAF.PS13.I001,9,Tracker,32.35295,36.292272,,,,351.0
MAF.PS13.I002.TRK004,MAF.PS13.I002,9,Tracker,32.35295,36.292272,,,,351.0
MAF.PS13.I002.TRK005,MAF.PS13.I002,9,Tracker,32.35295,36.292272,,,,351.0
MAF.PS13.I002.TRK006,MAF.PS13.I002,9,Tracker,32.35295,36.292272,,,,351.0
MAF.PS13.I002.TRK010,MAF.PS13.I002,9,Tracker,32.35295,36.292272,,,,351.0
MAF.PS13.I002.TRK011,MAF.PS13.I002,9,Tracker,32.35295,36.292272,,,,351.0
MAF.PS13.I002.TRK012,MAF.PS13.I002,9,Tracker,32.35295,36.292272,,,,351.0
MAF.PS13.I002.TRK013,MAF.PS13.I002,9,Tracker,32.35295,36.292272,,,,97.5
MAF.PS14.I001.TRK002,MAF.PS14.I001,9,Tracker,32.35295,36.292272,,,,351.0
MAF.PS14.I001.TRK003,MAF.PS14.I001,9,Tracker,32.35295,36.292272,,,,351.0
MAF.PS14.I001.TRK006,MAF.PS14.I001,9,Tracker,32.35295,36.292272,,,,253.5
MAF.PS14.I001.TRK007,MAF.PS14.I001,9,Tracker,32.35295,36.292272,,,,351.0
MAF.PS14.I001.TRK008,MAF.PS14.I001,9,Tracker,32.35295,36.292272,,,,351.0
MAF.PS14.I001.TRK011,MAF.PS14.I001,9,Tracker,32.35295,36.292272,,,,351.0
MAF.PS14.I002.TRK001,MAF.PS14.I002,9,Tracker,32.35295,36.292272,,,,195.0
MAF.PS14.I002.TRK004,MAF.PS14.I002,9,Tracker,32.35295,36.292272,,,,351.0
MAF.PS14.I002.TRK005,MAF.PS14.I002,9,Tracker,32.35295,36.292272,,,,351.0
MAF.PS14.I002.TRK009,MAF.PS14.I002,9,Tracker,32.35295,36.292272,,,,351.0
MAF.PS14.I002.TRK010,MAF.PS14.I002,9,Tracker,32.35295,36.292272,,,,351.0
MAF.PS14.I002.TRK012,MAF.PS14.I002,9,Tracker,32.35295,36.292272,,,,351.0
MAF.PS14.I002.TRK013,MAF.PS14.I002,9,Tracker,32.35295,36.292272,,,,351.0
MAF.PS15.I001.TRK001,MAF.PS15.I001,9,Tracker,32.35295,36.292272,,,,351.0
MAF.PS15.I001.TRK002,MAF.PS15.I001,9,Tracker,32.35295,36.292272,,,,351.0
MAF.PS15.I001.TRK003,MAF.PS15.I001,9,Tracker,32.35295,36.292272,,,,351.0
MAF.PS15.I001.TRK007,MAF.PS15.I001,9,Tracker,32.35295,36.292272,,,,351.0
MAF.PS15.I001.TRK008,MAF.PS15.I001,9,Tracker,32.35295,36.292272,,,,351.0
MAF.PS15.I001.TRK009,MAF.PS15.I001,9,Tracker,32.35295,36.292272,,,,351.0
MAF.PS15.I002.TRK004,MAF.PS15.I002,9,Tracker,32.35295,36.292272,,,,351.0
MAF.PS15.I002.TRK005,MAF.PS15.I002,9,Tracker,32.35295,36.292272,,,,351.0
MAF.PS15.I002.TRK006,MAF.PS15.I002,9,Tracker,32.35295,36.292272,,,,351.0
MAF.PS15.I002.TRK010,MAF.PS15.I002,9,Tracker,32.35295,36.292272,,,,351.0
MAF.PS15.I002.TRK011,MAF.PS15.I002,9,Tracker,32.35295,36.292272,,,,351.0
MAF.PS15.I002.TRK012,MAF.PS15.I002,9,Tracker,32.35295,36.292272,,,,351.0
MAF.PS15.I002.TRK013,MAF.PS15.I002,9,Tracker,32.35295,36.292272,,,,97.5
MAF.PS16.I001.TRK001,MAF.PS16.I001,9,Tracker,32.35295,36.292272,,,,351.0
MAF.PS16.I001.TRK002,MAF.PS16.I001,9,Tracker,32.35295,36.292272,,,,351.0
MAF.PS16.I001.TRK003,MAF.PS16.I001,9,Tracker,32.35295,36.292272,,,,351.0
MAF.PS16.I001.TRK004,MAF.PS16.I001,9,Tracker,32.35295,36.292272,,,,351.0
MAF.PS16.I001.TRK005,MAF.PS16.I001,9,Tracker,32.35295,36.292272,,,,195.0
MAF.PS16.I001.TRK006,MAF.PS16.I001,9,Tracker,32.35295,36.292272,,,,97.5
MAF.PS16.I001.TRK007,MAF.PS16.I001,9,Tracker,32.35295,36.292272,,,,351.0
MAF.PS01.I001.L1CB01,MAF.PS01.I001,9,Combiner_Box_L1,32.35295,36.292272,,,,136.5
MAF.PS01.I001.L1CB02,MAF.PS01.I001,9,Combiner_Box_L1,32.35295,36.292272,,,,136.5
MAF.PS01.I001.L1CB03,MAF.PS01.I001,9,Combiner_Box_L1,32.35295,36.292272,,,,156.0
MAF.PS01.I001.L1CB04,MAF.PS01.I001,9,Combiner_Box_L1,32.35295,36.292272,,,,156.0
MAF.PS01.I001.L1CB05,MAF.PS01.I001,9,Combiner_Box_L1,32.35295,36.292272,,,,156.0
MAF.PS01.I001.L1CB06,MAF.PS01.I001,9,Combiner_Box_L1,32.35295,36.292272,,,,156.0
MAF.PS01.I001.L1CB07,MAF.PS01.I001,9,Combiner_Box_L1,32.35295,36.292272,,,,156.0
MAF.PS01.I001.L1CB08,MAF.PS01.I001,9,Combiner_Box_L1,32.35295,36.292272,,,,136.5
MAF.PS01.I001.L1CB09,MAF.PS01.I001,9,Combiner_Box_L1,32.35295,36.292272,,,,136.5
MAF.PS01.I001.L1CB10,MAF.PS01.I001,9,Combiner_Box_L1,32.35295,36.292272,,,,156.0
MAF.PS01.I001.L1CB11,MAF.PS01.I001,9,Combiner_Box_L1,32.35295,36.292272,,,,156.0
MAF.PS01.I001.L1CB12,MAF.PS01.I001,9,Combiner_Box_L1,32.35295,36.292272,,,,156.0
MAF.PS01.I001.L1CB13,MAF.PS01.I001,9,Combiner_Box_L1,32.35295,36.292272,,,,156.0
MAF.PS01.I001.L1CB14,MAF.PS01.I001,9,Combiner_Box_L1,32.35295,36.292272,,,,156.0
MAF.PS01.I001.L1CB15,MAF.PS01.I001,9,Combiner_Box_L1,32.35295,36.292272,,,,58.5
MAF.PS01.I002.L1CB01,MAF.PS01.I002,9,Combiner_Box_L1,32.35295,36.292272,,,,136.5
MAF.PS01.I002.L1CB02,MAF.PS01.I002,9,Combiner_Box_L1,32.35295,36.292272,,,,136.5
MAF.PS01.I002.L1CB03,MAF.PS01.I002,9,Combiner_Box_L1,32.35295,36.292272,,,,156.0
MAF.PS01.I002.L1CB04,MAF.PS01.I002,9,Combiner_Box_L1,32.35295,36.292272,,,,156.0
MAF.PS01.I002.L1CB05,MAF.PS01.I002,9,Combiner_Box_L1,32.35295,36.292272,,,,156.0
MAF.PS01.I002.L1CB06,MAF.PS01.I002,9,Combiner_Box_L1,32.35295,36.292272,,,,156.0
MAF.PS01.I002.L1CB07,MAF.PS01.I002,9,Combiner_Box_L1,32.35295,36.292272,,,,156.0
MAF.PS01.I002.L1CB08,MAF.PS01.I002,9,Combiner_Box_L1,32.35295,36.292272,,,,117.0
MAF.PS01.I002.L1CB09,MAF.PS01.I002,9,Combiner_Box_L1,32.35295,36.292272,,,,117.0
MAF.PS01.I002.L1CB10,MAF.PS01.I002,9,Combiner_Box_L1,32.35295,36.292272,,,,136.5
MAF.PS01.I002.L1CB11,MAF.PS01.I002,9,Combiner_Box_L1,32.35295,36.292272,,,,156.0
MAF.PS01.I002.L1CB12,MAF.PS01.I002,9,Combiner_Box_L1,32.35295,36.292272,,,,156.0
MAF.PS01.I002.L1CB13,MAF.PS01.I002,9,Combiner_Box_L1,32.35295,36.292272,,,,156.0
MAF.PS01.I002.L1CB14,MAF.PS01.I002,9,Combiner_Box_L1,32.35295,36.292272,,,,156.0
MAF.PS01.I002.L1CB15,MAF.PS01.I002,9,Combiner_Box_L1,32.35295,36.292272,,,,97.5
MAF.PS02.I001.L1CB01,MAF.PS02.I001,9,Combiner_Box_L1,32.35295,36.292272,,,,136.5
MAF.PS02.I001.L1CB02,MAF.PS02.I001,9,Combiner_Box_L1,32.35295,36.292272,,,,136.5
MAF.PS02.I001.L1CB03,MAF.PS02.I001,9,Combiner_Box_L1,32.35295,36.292272,,,,156.0
MAF.PS02.I001.L1CB04,MAF.PS02.I001,9,Combiner_Box_L1,32.35295,36.292272,,,,156.0
MAF.PS02.I001.L1CB05,MAF.PS02.I001,9,Combiner_Box_L1,32.35295,36.292272,,,,156.0
MAF.PS02.I001.L1CB06,MAF.PS02.I001,9,Combiner_Box_L1,32.35295,36.292272,,,,156.0
MAF.PS02.I001.L1CB07,MAF.PS02.I001,9,Combiner_Box_L1,32.35295,36.292272,,,,156.0
MAF.PS02.I001.L1CB08,MAF.PS02.I001,9,Combiner_Box_L1,32.35295,36.292272,,,,117.0
MAF.PS02.I001.L1CB09,MAF.PS02.I001,9,Combiner_Box_L1,32.35295,36.292272,,,,136.5
MAF.PS02.I001.L1CB10,MAF.PS02.I001,9,Combiner_Box_L1,32.35295,36.292272,,,,117.0
MAF.PS02.I001.L1CB11,MAF.PS02.I001,9,Combiner_Box_L1,32.35295,36.292272,,,,156.0
MAF.PS02.I001.L1CB12,MAF.PS02.I001,9,Combiner_Box_L1,32.35295,36.292272,,,,156.0
MAF.PS02.I001.L1CB13,MAF.PS02.I001,9,Combiner_Box_L1,32.35295,36.292272,,,,136.5
MAF.PS02.I001.L1CB14,MAF.PS02.I001,9,Combiner_Box_L1,32.35295,36.292272,,,,97.5
MAF.PS02.I001.L1CB15,MAF.PS02.I001,9,Combiner_Box_L1,32.35295,36.292272,,,,97.5
MAF.PS02.I001.L1CB16,MAF.PS02.I001,9,Combiner_Box_L1,32.35295,36.292272,,,,97.5
MAF.PS02.I002.L1CB01,MAF.PS02.I002,9,Combiner_Box_L1,32.35295,36.292272,,,,156.0
MAF.PS02.I002.L1CB02,MAF.PS02.I002,9,Combiner_Box_L1,32.35295,36.292272,,,,156.0
MAF.PS02.I002.L1CB03,MAF.PS02.I002,9,Combiner_Box_L1,32.35295,36.292272,,,,156.0
MAF.PS02.I002.L1CB04,MAF.PS02.I002,9,Combiner_Box_L1,32.35295,36.292272,,,,156.0
MAF.PS02.I002.L1CB05,MAF.PS02.I002,9,Combiner_Box_L1,32.35295,36.292272,,,,156.0
MAF.PS02.I002.L1CB06,MAF.PS02.I002,9,Combiner_Box_L1,32.35295,36.292272,,,,156.0
MAF.PS02.I002.L1CB07,MAF.PS02.I002,9,Combiner_Box_L1,32.35295,36.292272,,,,156.0
MAF.PS02.I002.L1CB08,MAF.PS02.I002,9,Combiner_Box_L1,32.35295,36.292272,,,,156.0
MAF.PS02.I002.L1CB09,MAF.PS02.I002,9,Combiner_Box_L1,32.35295,36.292272,,,,136.5
MAF.PS02.I002.L1CB10,MAF.PS02.I002,9,Combiner_Box_L1,32.35295,36.292272,,,,156.0
MAF.PS02.I002.L1CB11,MAF.PS02.I002,9,Combiner_Box_L1,32.35295,36.292272,,,,156.0
MAF.PS02.I002.L1CB12,MAF.PS02.I002,9,Combiner_Box_L1,32.35295,36.292272,,,,156.0
MAF.PS02.I002.L1CB13,MAF.PS02.I002,9,Combiner_Box_L1,32.35295,36.292272,,,,156.0
MAF.PS02.I002.L1CB14,MAF.PS02.I002,9,Combiner_Box_L1,32.35295,36.292272,,,,136.5
MAF.PS03.I001.L1CB01,MAF.PS03.I001,9,Combiner_Box_L1,32.35295,36.292272,,,,136.5
MAF.PS03.I001.L1CB02,MAF.PS03.I001,9,Combiner_Box_L1,32.35295,36.292272,,,,136.5
MAF.PS03.I001.L1CB03,MAF.PS03.I001,9,Combiner_Box_L1,32.35295,36.292272,,,,156.0
MAF.PS03.I001.L1CB04,MAF.PS03.I001,9,Combiner_Box_L1,32.35295,36.292272,,,,156.0
MAF.PS03.I001.L1CB05,MAF.PS03.I001,9,Combiner_Box_L1,32.35295,36.292272,,,,156.0
MAF.PS03.I001.L1CB06,MAF.PS03.I001,9,Combiner_Box_L1,32.35295,36.292272,,,,156.0
MAF.PS03.I001.L1CB07,MAF.PS03.I001,9,Combiner_Box_L1,32.35295,36.292272,,,,156.0
MAF.PS03.I001.L1CB08,MAF.PS03.I001,9,Combiner_Box_L1,32.35295,36.292272,,,,136.5
MAF.PS03.I001.L1CB09,MAF.PS03.I001,9,Combiner_Box_L1,32.35295,36.292272,,,,136.5
MAF.PS03.I001.L1CB10,MAF.PS03.I001,9,Combiner_Box_L1,32.35295,36.292272,,,,156.0
MAF.PS03.I001.L1CB11,MAF.PS03.I001,9,Combiner_Box_L1,32.35295,36.292272,,,,156.0
MAF.PS03.I001.L1CB12,MAF.PS03.I001,9,Combiner_Box_L1,32.35295,36.292272,,,,156.0
MAF.PS03.I001.L1CB13,MAF.PS03.I001,9,Combiner_Box_L1,32.35295,36.292272,,,,156.0
MAF.PS03.I001.L1CB14,MAF.PS03.I001,9,Combiner_Box_L1,32.35295,36.292272,,,,156.0
MAF.PS03.I001.L1CB15,MAF.PS03.I001,9,Combiner_Box_L1,32.35295,36.292272,,,,58.5
MAF.PS03.I002.L1CB01,MAF.PS03.I002,9,Combiner_Box_L1,32.35295,36.292272,,,,136.5
MAF.PS03.I002.L1CB02,MAF.PS03.I002,9,Combiner_Box_L1,32.35295,36.292272,,,,136.5
MAF.PS03.I002.L1CB03,MAF.PS03.I002,9,Combiner_Box_L1,32.35295,36.292272,,,,156.0
MAF.PS03.I002.L1CB04,MAF.PS03.I002,9,Combiner_Box_L1,32.35295,36.292272,,,,156.0
MAF.PS03.I002.L1CB05,MAF.PS03.I002,9,Combiner_Box_L1,32.35295,36.292272,,,,156.0
MAF.PS03.I002.L1CB06,MAF.PS03.I002,9,Combiner_Box_L1,32.35295,36.292272,,,,156.0
MAF.PS03.I002.L1CB07,MAF.PS03.I002,9,Combiner_Box_L1,32.35295,36.292272,,,,156.0
MAF.PS03.I002.L1CB08,MAF.PS03.I002,9,Combiner_Box_L1,32.35295,36.292272,,,,117.0
MAF.PS03.I002.L1CB09,MAF.PS03.I002,9,Combiner_Box_L1,32.35295,36.292272,,,,117.0
MAF.PS03.I002.L1CB10,MAF.PS03.I002,9,Combiner_Box_L1,32.35295,36.292272,,,,136.5
MAF.PS03.I002.L1CB11,MAF.PS03.I002,9,Combiner_Box_L1,32.35295,36.292272,,,,156.0
MAF.PS03.I002.L1CB12,MAF.PS03.I002,9,Combiner_Box_L1,32.35295,36.292272,,,,156.0
MAF.PS03.I002.L1CB13,MAF.PS03.I002,9,Combiner_Box_L1,32.35295,36.292272,,,,156.0
MAF.PS03.I002.L1CB14,MAF.PS03.I002,9,Combiner_Box_L1,32.35295,36.292272,,,,156.0
MAF.PS03.I002.L1CB15,MAF.PS03.I002,9,Combiner_Box_L1,32.35295,36.292272,,,,97.5
MAF.PS04.I001.L1CB01,MAF.PS04.I001,9,Combiner_Box_L1,32.35295,36.292272,,,,136.5
MAF.PS04.I001.L1CB02,MAF.PS04.I001,9,Combiner_Box_L1,32.35295,36.292272,,,,136.5
MAF.PS04.I001.L1CB03,MAF.PS04.I001,9,Combiner_Box_L1,32.35295,36.292272,,,,136.5
MAF.PS04.I001.L1CB04,MAF.PS04.I001,9,Combiner_Box_L1,32.35295,36.292272,,,,136.5
MAF.PS04.I001.L1CB05,MAF.PS04.I001,9,Combiner_Box_L1,32.35295,36.292272,,,,156.0
MAF.PS04.I001.L1CB06,MAF.PS04.I001,9,Combiner_Box_L1,32.35295,36.292272,,,,136.5
MAF.PS04.I001.L1CB07,MAF.PS04.I001,9,Combiner_Box_L1,32.35295,36.292272,,,,136.5
MAF.PS04.I001.L1CB08,MAF.PS04.I001,9,Combiner_Box_L1,32.35295,36.292272,,,,156.0
MAF.PS04.I001.L1CB09,MAF.PS04.I001,9,Combiner_Box_L1,32.35295,36.292272,,,,156.0
MAF.PS04.I001.L1CB10,MAF.PS04.I001,9,Combiner_Box_L1,32.35295,36.292272,,,,156.0
MAF.PS04.I001.L1CB11,MAF.PS04.I001,9,Combiner_Box_L1,32.35295,36.292272,,,,156.0
MAF.PS04.I001.L1CB12,MAF.PS04.I001,9,Combiner_Box_L1,32.35295,36.292272,,,,156.0
MAF.PS04.I001.L1CB13,MAF.PS04.I001,9,Combiner_Box_L1,32.35295,36.292272,,,,117.0
MAF.PS04.I001.L1CB14,MAF.PS04.I001,9,Combiner_Box_L1,32.35295,36.292272,,,,136.5
MAF.PS04.I001.L1CB15,MAF.PS04.I001,9,Combiner_Box_L1,32.35295,36.292272,,,,156.0
MAF.PS04.I002.L1CB01,MAF.PS04.I002,9,Combiner_Box_L1,32.35295,36.292272,,,,136.5
MAF.PS04.I002.L1CB02,MAF.PS04.I002,9,Combiner_Box_L1,32.35295,36.292272,,,,136.5
MAF.PS04.I002.L1CB03,MAF.PS04.I002,9,Combiner_Box_L1,32.35295,36.292272,,,,156.0
MAF.PS04.I002.L1CB04,MAF.PS04.I002,9,Combiner_Box_L1,32.35295,36.292272,,,,156.0
MAF.PS04.I002.L1CB05,MAF.PS04.I002,9,Combiner_Box_L1,32.35295,36.292272,,,,156.0
MAF.PS04.I002.L1CB06,MAF.PS04.I002,9,Combiner_Box_L1,32.35295,36.292272,,,,156.0
MAF.PS04.I002.L1CB07,MAF.PS04.I002,9,Combiner_Box_L1,32.35295,36.292272,,,,156.0
MAF.PS04.I002.L1CB08,MAF.PS04.I002,9,Combiner_Box_L1,32.35295,36.292272,,,,156.0
MAF.PS04.I002.L1CB09,MAF.PS04.I002,9,Combiner_Box_L1,32.35295,36.292272,,,,156.0
MAF.PS04.I002.L1CB10,MAF.PS04.I002,9,Combiner_Box_L1,32.35295,36.292272,,,,156.0
MAF.PS04.I002.L1CB11,MAF.PS04.I002,9,Combiner_Box_L1,32.35295,36.292272,,,,156.0
MAF.PS04.I002.L1CB12,MAF.PS04.I002,9,Combiner_Box_L1,32.35295,36.292272,,,,156.0
MAF.PS04.I002.L1CB13,MAF.PS04.I002,9,Combiner_Box_L1,32.35295,36.292272,,,,156.0
MAF.PS04.I002.L1CB14,MAF.PS04.I002,9,Combiner_Box_L1,32.35295,36.292272,,,,156.0
MAF.PS05.I001.L1CB01,MAF.PS05.I001,9,Combiner_Box_L1,32.35295,36.292272,,,,136.5
MAF.PS05.I001.L1CB02,MAF.PS05.I001,9,Combiner_Box_L1,32.35295,36.292272,,,,136.5
MAF.PS05.I001.L1CB03,MAF.PS05.I001,9,Combiner_Box_L1,32.35295,36.292272,,,,156.0
MAF.PS05.I001.L1CB04,MAF.PS05.I001,9,Combiner_Box_L1,32.35295,36.292272,,,,156.0
MAF.PS05.I001.L1CB05,MAF.PS05.I001,9,Combiner_Box_L1,32.35295,36.292272,,,,156.0
MAF.PS05.I001.L1CB06,MAF.PS05.I001,9,Combiner_Box_L1,32.35295,36.292272,,,,156.0
MAF.PS05.I001.L1CB07,MAF.PS05.I001,9,Combiner_Box_L1,32.35295,36.292272,,,,156.0
MAF.PS05.I001.L1CB08,MAF.PS05.I001,9,Combiner_Box_L1,32.35295,36.292272,,,,136.5
MAF.PS05.I001.L1CB09,MAF.PS05.I001,9,Combiner_Box_L1,32.35295,36.292272,,,,136.5
MAF.PS05.I001.L1CB10,MAF.PS05.I001,9,Combiner_Box_L1,32.35295,36.292272,,,,156.0
MAF.PS05.I001.L1CB11,MAF.PS05.I001,9,Combiner_Box_L1,32.35295,36.292272,,,,156.0
MAF.PS05.I001.L1CB12,MAF.PS05.I001,9,Combiner_Box_L1,32.35295,36.292272,,,,156.0
MAF.PS05.I001.L1CB13,MAF.PS05.I001,9,Combiner_Box_L1,32.35295,36.292272,,,,156.0
MAF.PS05.I001.L1CB14,MAF.PS05.I001,9,Combiner_Box_L1,32.35295,36.292272,,,,156.0
MAF.PS05.I001.L1CB15,MAF.PS05.I001,9,Combiner_Box_L1,32.35295,36.292272,,,,58.5
MAF.PS05.I002.L1CB01,MAF.PS05.I002,9,Combiner_Box_L1,32.35295,36.292272,,,,136.5
MAF.PS05.I002.L1CB02,MAF.PS05.I002,9,Combiner_Box_L1,32.35295,36.292272,,,,136.5
MAF.PS05.I002.L1CB03,MAF.PS05.I002,9,Combiner_Box_L1,32.35295,36.292272,,,,156.0
MAF.PS05.I002.L1CB04,MAF.PS05.I002,9,Combiner_Box_L1,32.35295,36.292272,,,,156.0
MAF.PS05.I002.L1CB05,MAF.PS05.I002,9,Combiner_Box_L1,32.35295,36.292272,,,,156.0
MAF.PS05.I002.L1CB06,MAF.PS05.I002,9,Combiner_Box_L1,32.35295,36.292272,,,,156.0
MAF.PS05.I002.L1CB07,MAF.PS05.I002,9,Combiner_Box_L1,32.35295,36.292272,,,,156.0
MAF.PS05.I002.L1CB08,MAF.PS05.I002,9,Combiner_Box_L1,32.35295,36.292272,,,,117.0
MAF.PS05.I002.L1CB09,MAF.PS05.I002,9,Combiner_Box_L1,32.35295,36.292272,,,,117.0
MAF.PS05.I002.L1CB10,MAF.PS05.I002,9,Combiner_Box_L1,32.35295,36.292272,,,,136.5
MAF.PS05.I002.L1CB11,MAF.PS05.I002,9,Combiner_Box_L1,32.35295,36.292272,,,,156.0
MAF.PS05.I002.L1CB12,MAF.PS05.I002,9,Combiner_Box_L1,32.35295,36.292272,,,,156.0
MAF.PS05.I002.L1CB13,MAF.PS05.I002,9,Combiner_Box_L1,32.35295,36.292272,,,,156.0
MAF.PS05.I002.L1CB14,MAF.PS05.I002,9,Combiner_Box_L1,32.35295,36.292272,,,,156.0
MAF.PS05.I002.L1CB15,MAF.PS05.I002,9,Combiner_Box_L1,32.35295,36.292272,,,,97.5
MAF.PS06.I001.L1CB01,MAF.PS06.I001,9,Combiner_Box_L1,32.35295,36.292272,,,,136.5
MAF.PS06.I001.L1CB02,MAF.PS06.I001,9,Combiner_Box_L1,32.35295,36.292272,,,,136.5
MAF.PS06.I001.L1CB03,MAF.PS06.I001,9,Combiner_Box_L1,32.35295,36.292272,,,,136.5
MAF.PS06.I001.L1CB04,MAF.PS06.I001,9,Combiner_Box_L1,32.35295,36.292272,,,,136.5
MAF.PS06.I001.L1CB05,MAF.PS06.I001,9,Combiner_Box_L1,32.35295,36.292272,,,,156.0
MAF.PS06.I001.L1CB06,MAF.PS06.I001,9,Combiner_Box_L1,32.35295,36.292272,,,,136.5
MAF.PS06.I001.L1CB07,MAF.PS06.I001,9,Combiner_Box_L1,32.35295,36.292272,,,,136.5
MAF.PS06.I001.L1CB08,MAF.PS06.I001,9,Combiner_Box_L1,32.35295,36.292272,,,,156.0
MAF.PS06.I001.L1CB09,MAF.PS06.I001,9,Combiner_Box_L1,32.35295,36.292272,,,,156.0
MAF.PS06.I001.L1CB10,MAF.PS06.I001,9,Combiner_Box_L1,32.35295,36.292272,,,,156.0
MAF.PS06.I001.L1CB11,MAF.PS06.I001,9,Combiner_Box_L1,32.35295,36.292272,,,,156.0
MAF.PS06.I001.L1CB12,MAF.PS06.I001,9,Combiner_Box_L1,32.35295,36.292272,,,,156.0
MAF.PS06.I001.L1CB13,MAF.PS06.I001,9,Combiner_Box_L1,32.35295,36.292272,,,,156.0
MAF.PS06.I001.L1CB14,MAF.PS06.I001,9,Combiner_Box_L1,32.35295,36.292272,,,,136.5
MAF.PS06.I001.L1CB15,MAF.PS06.I001,9,Combiner_Box_L1,32.35295,36.292272,,,,117.0
MAF.PS06.I002.L1CB01,MAF.PS06.I002,9,Combiner_Box_L1,32.35295,36.292272,,,,156.0
MAF.PS06.I002.L1CB02,MAF.PS06.I002,9,Combiner_Box_L1,32.35295,36.292272,,,,156.0
MAF.PS06.I002.L1CB03,MAF.PS06.I002,9,Combiner_Box_L1,32.35295,36.292272,,,,156.0
MAF.PS06.I002.L1CB04,MAF.PS06.I002,9,Combiner_Box_L1,32.35295,36.292272,,,,156.0
MAF.PS06.I002.L1CB05,MAF.PS06.I002,9,Combiner_Box_L1,32.35295,36.292272,,,,156.0
MAF.PS06.I002.L1CB06,MAF.PS06.I002,9,Combiner_Box_L1,32.35295,36.292272,,,,156.0
MAF.PS06.I002.L1CB07,MAF.PS06.I002,9,Combiner_Box_L1,32.35295,36.292272,,,,156.0
MAF.PS06.I002.L1CB08,MAF.PS06.I002,9,Combiner_Box_L1,32.35295,36.292272,,,,156.0
MAF.PS06.I002.L1CB09,MAF.PS06.I002,9,Combiner_Box_L1,32.35295,36.292272,,,,156.0
MAF.PS06.I002.L1CB10,MAF.PS06.I002,9,Combiner_Box_L1,32.35295,36.292272,,,,156.0
MAF.PS06.I002.L1CB11,MAF.PS06.I002,9,Combiner_Box_L1,32.35295,36.292272,,,,156.0
MAF.PS06.I002.L1CB12,MAF.PS06.I002,9,Combiner_Box_L1,32.35295,36.292272,,,,117.0
MAF.PS06.I002.L1CB13,MAF.PS06.I002,9,Combiner_Box_L1,32.35295,36.292272,,,,117.0
MAF.PS06.I002.L1CB14,MAF.PS06.I002,9,Combiner_Box_L1,32.35295,36.292272,,,,117.0
MAF.PS06.I002.L1CB15,MAF.PS06.I002,9,Combiner_Box_L1,32.35295,36.292272,,,,78.0
MAF.PS07.I001.L1CB01,MAF.PS07.I001,9,Combiner_Box_L1,32.35295,36.292272,,,,136.5
MAF.PS07.I001.L1CB02,MAF.PS07.I001,9,Combiner_Box_L1,32.35295,36.292272,,,,136.5
MAF.PS07.I001.L1CB03,MAF.PS07.I001,9,Combiner_Box_L1,32.35295,36.292272,,,,156.0
MAF.PS07.I001.L1CB04,MAF.PS07.I001,9,Combiner_Box_L1,32.35295,36.292272,,,,156.0
MAF.PS07.I001.L1CB05,MAF.PS07.I001,9,Combiner_Box_L1,32.35295,36.292272,,,,156.0
MAF.PS07.I001.L1CB06,MAF.PS07.I001,9,Combiner_Box_L1,32.35295,36.292272,,,,156.0
MAF.PS07.I001.L1CB07,MAF.PS07.I001,9,Combiner_Box_L1,32.35295,36.292272,,,,156.0
MAF.PS07.I001.L1CB08,MAF.PS07.I001,9,Combiner_Box_L1,32.35295,36.292272,,,,136.5
MAF.PS07.I001.L1CB09,MAF.PS07.I001,9,Combiner_Box_L1,32.35295,36.292272,,,,136.5
MAF.PS07.I001.L1CB10,MAF.PS07.I001,9,Combiner_Box_L1,32.35295,36.292272,,,,156.0
MAF.PS07.I001.L1CB11,MAF.PS07.I001,9,Combiner_Box_L1,32.35295,36.292272,,,,156.0
MAF.PS07.I001.L1CB12,MAF.PS07.I001,9,Combiner_Box_L1,32.35295,36.292272,,,,156.0
MAF.PS07.I001.L1CB13,MAF.PS07.I001,9,Combiner_Box_L1,32.35295,36.292272,,,,156.0
MAF.PS07.I001.L1CB14,MAF.PS07.I001,9,Combiner_Box_L1,32.35295,36.292272,,,,156.0
MAF.PS07.I001.L1CB15,MAF.PS07.I001,9,Combiner_Box_L1,32.35295,36.292272,,,,58.5
MAF.PS07.I002.L1CB01,MAF.PS07.I002,9,Combiner_Box_L1,32.35295,36.292272,,,,136.5
MAF.PS07.I002.L1CB02,MAF.PS07.I002,9,Combiner_Box_L1,32.35295,36.292272,,,,136.5
MAF.PS07.I002.L1CB03,MAF.PS07.I002,9,Combiner_Box_L1,32.35295,36.292272,,,,156.0
MAF.PS07.I002.L1CB04,MAF.PS07.I002,9,Combiner_Box_L1,32.35295,36.292272,,,,156.0
MAF.PS07.I002.L1CB05,MAF.PS07.I002,9,Combiner_Box_L1,32.35295,36.292272,,,,156.0
MAF.PS07.I002.L1CB06,MAF.PS07.I002,9,Combiner_Box_L1,32.35295,36.292272,,,,156.0
MAF.PS07.I002.L1CB07,MAF.PS07.I002,9,Combiner_Box_L1,32.35295,36.292272,,,,156.0
MAF.PS07.I002.L1CB08,MAF.PS07.I002,9,Combiner_Box_L1,32.35295,36.292272,,,,117.0
MAF.PS07.I002.L1CB09,MAF.PS07.I002,9,Combiner_Box_L1,32.35295,36.292272,,,,117.0
MAF.PS07.I002.L1CB10,MAF.PS07.I002,9,Combiner_Box_L1,32.35295,36.292272,,,,136.5
MAF.PS07.I002.L1CB11,MAF.PS07.I002,9,Combiner_Box_L1,32.35295,36.292272,,,,156.0
MAF.PS07.I002.L1CB12,MAF.PS07.I002,9,Combiner_Box_L1,32.35295,36.292272,,,,156.0
MAF.PS07.I002.L1CB13,MAF.PS07.I002,9,Combiner_Box_L1,32.35295,36.292272,,,,156.0
MAF.PS07.I002.L1CB14,MAF.PS07.I002,9,Combiner_Box_L1,32.35295,36.292272,,,,156.0
MAF.PS07.I002.L1CB15,MAF.PS07.I002,9,Combiner_Box_L1,32.35295,36.292272,,,,97.5
MAF.PS08.I001.L1CB01,MAF.PS08.I001,9,Combiner_Box_L1,32.35295,36.292272,,,,136.5
MAF.PS08.I001.L1CB02,MAF.PS08.I001,9,Combiner_Box_L1,32.35295,36.292272,,,,136.5
MAF.PS08.I001.L1CB03,MAF.PS08.I001,9,Combiner_Box_L1,32.35295,36.292272,,,,156.0
MAF.PS08.I001.L1CB04,MAF.PS08.I001,9,Combiner_Box_L1,32.35295,36.292272,,,,156.0
MAF.PS08.I001.L1CB05,MAF.PS08.I001,9,Combiner_Box_L1,32.35295,36.292272,,,,156.0
MAF.PS08.I001.L1CB06,MAF.PS08.I001,9,Combiner_Box_L1,32.35295,36.292272,,,,156.0
MAF.PS08.I001.L1CB07,MAF.PS08.I001,9,Combiner_Box_L1,32.35295,36.292272,,,,156.0
MAF.PS08.I001.L1CB08,MAF.PS08.I001,9,Combiner_Box_L1,32.35295,36.292272,,,,117.0
MAF.PS08.I001.L1CB09,MAF.PS08.I001,9,Combiner_Box_L1,32.35295,36.292272,,,,117.0
MAF.PS08.I001.L1CB10,MAF.PS08.I001,9,Combiner_Box_L1,32.35295,36.292272,,,,117.0
MAF.PS08.I001.L1CB11,MAF.PS08.I001,9,Combiner_Box_L1,32.35295,36.292272,,,,136.5
MAF.PS08.I001.L1CB12,MAF.PS08.I001,9,Combiner_Box_L1,32.35295,36.292272,,,,156.0
MAF.PS08.I001.L1CB13,MAF.PS08.I001,9,Combiner_Box_L1,32.35295,36.292272,,,,156.0
MAF.PS08.I001.L1CB14,MAF.PS08.I001,9,Combiner_Box_L1,32.35295,36.292272,,,,156.0
MAF.PS08.I001.L1CB15,MAF.PS08.I001,9,Combiner_Box_L1,32.35295,36.292272,,,,136.5
MAF.PS08.I002.L1CB01,MAF.PS08.I002,9,Combiner_Box_L1,32.35295,36.292272,,,,136.5
MAF.PS08.I002.L1CB02,MAF.PS08.I002,9,Combiner_Box_L1,32.35295,36.292272,,,,136.5
MAF.PS08.I002.L1CB03,MAF.PS08.I002,9,Combiner_Box_L1,32.35295,36.292272,,,,156.0
MAF.PS08.I002.L1CB04,MAF.PS08.I002,9,Combiner_Box_L1,32.35295,36.292272,,,,156.0
MAF.PS08.I002.L1CB05,MAF.PS08.I002,9,Combiner_Box_L1,32.35295,36.292272,,,,156.0
MAF.PS08.I002.L1CB06,MAF.PS08.I002,9,Combiner_Box_L1,32.35295,36.292272,,,,156.0
MAF.PS08.I002.L1CB07,MAF.PS08.I002,9,Combiner_Box_L1,32.35295,36.292272,,,,136.5
MAF.PS08.I002.L1CB08,MAF.PS08.I002,9,Combiner_Box_L1,32.35295,36.292272,,,,136.5
MAF.PS08.I002.L1CB09,MAF.PS08.I002,9,Combiner_Box_L1,32.35295,36.292272,,,,156.0
MAF.PS08.I002.L1CB10,MAF.PS08.I002,9,Combiner_Box_L1,32.35295,36.292272,,,,156.0
MAF.PS08.I002.L1CB11,MAF.PS08.I002,9,Combiner_Box_L1,32.35295,36.292272,,,,156.0
MAF.PS08.I002.L1CB12,MAF.PS08.I002,9,Combiner_Box_L1,32.35295,36.292272,,,,156.0
MAF.PS08.I002.L1CB13,MAF.PS08.I002,9,Combiner_Box_L1,32.35295,36.292272,,,,156.0
MAF.PS08.I002.L1CB14,MAF.PS08.I002,9,Combiner_Box_L1,32.35295,36.292272,,,,117.0
MAF.PS08.I002.L1CB15,MAF.PS08.I002,9,Combiner_Box_L1,32.35295,36.292272,,,,97.5
MAF.PS09.I001.L1CB01,MAF.PS09.I001,9,Combiner_Box_L1,32.35295,36.292272,,,,136.5
MAF.PS09.I001.L1CB02,MAF.PS09.I001,9,Combiner_Box_L1,32.35295,36.292272,,,,136.5
MAF.PS09.I001.L1CB03,MAF.PS09.I001,9,Combiner_Box_L1,32.35295,36.292272,,,,156.0
MAF.PS09.I001.L1CB04,MAF.PS09.I001,9,Combiner_Box_L1,32.35295,36.292272,,,,156.0
MAF.PS09.I001.L1CB05,MAF.PS09.I001,9,Combiner_Box_L1,32.35295,36.292272,,,,156.0
MAF.PS09.I001.L1CB06,MAF.PS09.I001,9,Combiner_Box_L1,32.35295,36.292272,,,,156.0
MAF.PS09.I001.L1CB07,MAF.PS09.I001,9,Combiner_Box_L1,32.35295,36.292272,,,,156.0
MAF.PS09.I001.L1CB08,MAF.PS09.I001,9,Combiner_Box_L1,32.35295,36.292272,,,,136.5
MAF.PS09.I001.L1CB09,MAF.PS09.I001,9,Combiner_Box_L1,32.35295,36.292272,,,,136.5
MAF.PS09.I001.L1CB10,MAF.PS09.I001,9,Combiner_Box_L1,32.35295,36.292272,,,,156.0
MAF.PS09.I001.L1CB11,MAF.PS09.I001,9,Combiner_Box_L1,32.35295,36.292272,,,,156.0
MAF.PS09.I001.L1CB12,MAF.PS09.I001,9,Combiner_Box_L1,32.35295,36.292272,,,,156.0
MAF.PS09.I001.L1CB13,MAF.PS09.I001,9,Combiner_Box_L1,32.35295,36.292272,,,,156.0
MAF.PS09.I001.L1CB14,MAF.PS09.I001,9,Combiner_Box_L1,32.35295,36.292272,,,,156.0
MAF.PS09.I001.L1CB15,MAF.PS09.I001,9,Combiner_Box_L1,32.35295,36.292272,,,,58.5
MAF.PS09.I002.L1CB01,MAF.PS09.I002,9,Combiner_Box_L1,32.35295,36.292272,,,,136.5
MAF.PS09.I002.L1CB02,MAF.PS09.I002,9,Combiner_Box_L1,32.35295,36.292272,,,,136.5
MAF.PS09.I002.L1CB03,MAF.PS09.I002,9,Combiner_Box_L1,32.35295,36.292272,,,,156.0
MAF.PS09.I002.L1CB04,MAF.PS09.I002,9,Combiner_Box_L1,32.35295,36.292272,,,,156.0
MAF.PS09.I002.L1CB05,MAF.PS09.I002,9,Combiner_Box_L1,32.35295,36.292272,,,,156.0
MAF.PS09.I002.L1CB06,MAF.PS09.I002,9,Combiner_Box_L1,32.35295,36.292272,,,,156.0
MAF.PS09.I002.L1CB07,MAF.PS09.I002,9,Combiner_Box_L1,32.35295,36.292272,,,,156.0
MAF.PS09.I002.L1CB08,MAF.PS09.I002,9,Combiner_Box_L1,32.35295,36.292272,,,,117.0
MAF.PS09.I002.L1CB09,MAF.PS09.I002,9,Combiner_Box_L1,32.35295,36.292272,,,,117.0
MAF.PS09.I002.L1CB10,MAF.PS09.I002,9,Combiner_Box_L1,32.35295,36.292272,,,,136.5
MAF.PS09.I002.L1CB11,MAF.PS09.I002,9,Combiner_Box_L1,32.35295,36.292272,,,,156.0
MAF.PS09.I002.L1CB12,MAF.PS09.I002,9,Combiner_Box_L1,32.35295,36.292272,,,,156.0
MAF.PS09.I002.L1CB13,MAF.PS09.I002,9,Combiner_Box_L1,32.35295,36.292272,,,,156.0
MAF.PS09.I002.L1CB14,MAF.PS09.I002,9,Combiner_Box_L1,32.35295,36.292272,,,,156.0
MAF.PS09.I002.L1CB15,MAF.PS09.I002,9,Combiner_Box_L1,32.35295,36.292272,,,,97.5
MAF.PS10.I001.L1CB01,MAF.PS10.I001,9,Combiner_Box_L1,32.35295,36.292272,,,,136.5
MAF.PS10.I001.L1CB02,MAF.PS10.I001,9,Combiner_Box_L1,32.35295,36.292272,,,,136.5
MAF.PS10.I001.L1CB03,MAF.PS10.I001,9,Combiner_Box_L1,32.35295,36.292272,,,,156.0
MAF.PS10.I001.L1CB04,MAF.PS10.I001,9,Combiner_Box_L1,32.35295,36.292272,,,,156.0
MAF.PS10.I001.L1CB05,MAF.PS10.I001,9,Combiner_Box_L1,32.35295,36.292272,,,,156.0
MAF.PS10.I001.L1CB06,MAF.PS10.I001,9,Combiner_Box_L1,32.35295,36.292272,,,,156.0
MAF.PS10.I001.L1CB07,MAF.PS10.I001,9,Combiner_Box_L1,32.35295,36.292272,,,,156.0
MAF.PS10.I001.L1CB08,MAF.PS10.I001,9,Combiner_Box_L1,32.35295,36.292272,,,,117.0
MAF.PS10.I001.L1CB09,MAF.PS10.I001,9,Combiner_Box_L1,32.35295,36.292272,,,,117.0
MAF.PS10.I001.L1CB10,MAF.PS10.I001,9,Combiner_Box_L1,32.35295,36.292272,,,,117.0
MAF.PS10.I001.L1CB11,MAF.PS10.I001,9,Combiner_Box_L1,32.35295,36.292272,,,,117.0
MAF.PS10.I001.L1CB12,MAF.PS10.I001,9,Combiner_Box_L1,32.35295,36.292272,,,,136.5
MAF.PS10.I001.L1CB13,MAF.PS10.I001,9,Combiner_Box_L1,32.35295,36.292272,,,,136.5
MAF.PS10.I001.L1CB14,MAF.PS10.I001,9,Combiner_Box_L1,32.35295,36.292272,,,,136.5
MAF.PS10.I001.L1CB15,MAF.PS10.I001,9,Combiner_Box_L1,32.35295,36.292272,,,,136.5
MAF.PS10.I001.L1CB16,MAF.PS10.I001,9,Combiner_Box_L1,32.35295,36.292272,,,,78.0
MAF.PS10.I002.L1CB01,MAF.PS10.I002,9,Combiner_Box_L1,32.35295,36.292272,,,,136.5
MAF.PS10.I002.L1CB02,MAF.PS10.I002,9,Combiner_Box_L1,32.35295,36.292272,,,,136.5
MAF.PS10.I002.L1CB03,MAF.PS10.I002,9,Combiner_Box_L1,32.35295,36.292272,,,,136.5
MAF.PS10.I002.L1CB04,MAF.PS10.I002,9,Combiner_Box_L1,32.35295,36.292272,,,,136.5
MAF.PS10.I002.L1CB05,MAF.PS10.I002,9,Combiner_Box_L1,32.35295,36.292272,,,,156.0
MAF.PS10.I002.L1CB06,MAF.PS10.I002,9,Combiner_Box_L1,32.35295,36.292272,,,,136.5
MAF.PS10.I002.L1CB07,MAF.PS10.I002,9,Combiner_Box_L1,32.35295,36.292272,,,,136.5
MAF.PS10.I002.L1CB08,MAF.PS10.I002,9,Combiner_Box_L1,32.35295,36.292272,,,,156.0
MAF.PS10.I002.L1CB09,MAF.PS10.I002,9,Combiner_Box_L1,32.35295,36.292272,,,,156.0
MAF.PS10.I002.L1CB10,MAF.PS10.I002,9,Combiner_Box_L1,32.35295,36.292272,,,,156.0
MAF.PS10.I002.L1CB11,MAF.PS10.I002,9,Combiner_Box_L1,32.35295,36.292272,,,,156.0
MAF.PS10.I002.L1CB12,MAF.PS10.I002,9,Combiner_Box_L1,32.35295,36.292272,,,,156.0
MAF.PS10.I002.L1CB13,MAF.PS10.I002,9,Combiner_Box_L1,32.35295,36.292272,,,,136.5
MAF.PS10.I002.L1CB14,MAF.PS10.I002,9,Combiner_Box_L1,32.35295,36.292272,,,,136.5
MAF.PS10.I002.L1CB15,MAF.PS10.I002,9,Combiner_Box_L1,32.35295,36.292272,,,,136.5
MAF.PS11.I001.L1CB01,MAF.PS11.I001,9,Combiner_Box_L1,32.35295,36.292272,,,,136.5
MAF.PS11.I001.L1CB02,MAF.PS11.I001,9,Combiner_Box_L1,32.35295,36.292272,,,,136.5
MAF.PS11.I001.L1CB03,MAF.PS11.I001,9,Combiner_Box_L1,32.35295,36.292272,,,,156.0
MAF.PS11.I001.L1CB04,MAF.PS11.I001,9,Combiner_Box_L1,32.35295,36.292272,,,,156.0
MAF.PS11.I001.L1CB05,MAF.PS11.I001,9,Combiner_Box_L1,32.35295,36.292272,,,,156.0
MAF.PS11.I001.L1CB06,MAF.PS11.I001,9,Combiner_Box_L1,32.35295,36.292272,,,,156.0
MAF.PS11.I001.L1CB07,MAF.PS11.I001,9,Combiner_Box_L1,32.35295,36.292272,,,,156.0
MAF.PS11.I001.L1CB08,MAF.PS11.I001,9,Combiner_Box_L1,32.35295,36.292272,,,,136.5
MAF.PS11.I001.L1CB09,MAF.PS11.I001,9,Combiner_Box_L1,32.35295,36.292272,,,,136.5
MAF.PS11.I001.L1CB10,MAF.PS11.I001,9,Combiner_Box_L1,32.35295,36.292272,,,,156.0
MAF.PS11.I001.L1CB11,MAF.PS11.I001,9,Combiner_Box_L1,32.35295,36.292272,,,,156.0
MAF.PS11.I001.L1CB12,MAF.PS11.I001,9,Combiner_Box_L1,32.35295,36.292272,,,,156.0
MAF.PS11.I001.L1CB13,MAF.PS11.I001,9,Combiner_Box_L1,32.35295,36.292272,,,,156.0
MAF.PS11.I001.L1CB14,MAF.PS11.I001,9,Combiner_Box_L1,32.35295,36.292272,,,,156.0
MAF.PS11.I001.L1CB15,MAF.PS11.I001,9,Combiner_Box_L1,32.35295,36.292272,,,,58.5
MAF.PS11.I002.L1CB01,MAF.PS11.I002,9,Combiner_Box_L1,32.35295,36.292272,,,,136.5
MAF.PS11.I002.L1CB02,MAF.PS11.I002,9,Combiner_Box_L1,32.35295,36.292272,,,,136.5
MAF.PS11.I002.L1CB03,MAF.PS11.I002,9,Combiner_Box_L1,32.35295,36.292272,,,,156.0
MAF.PS11.I002.L1CB04,MAF.PS11.I002,9,Combiner_Box_L1,32.35295,36.292272,,,,156.0
MAF.PS11.I002.L1CB05,MAF.PS11.I002,9,Combiner_Box_L1,32.35295,36.292272,,,,156.0
MAF.PS11.I002.L1CB06,MAF.PS11.I002,9,Combiner_Box_L1,32.35295,36.292272,,,,156.0
MAF.PS11.I002.L1CB07,MAF.PS11.I002,9,Combiner_Box_L1,32.35295,36.292272,,,,156.0
MAF.PS11.I002.L1CB08,MAF.PS11.I002,9,Combiner_Box_L1,32.35295,36.292272,,,,117.0
MAF.PS11.I002.L1CB09,MAF.PS11.I002,9,Combiner_Box_L1,32.35295,36.292272,,,,117.0
MAF.PS11.I002.L1CB10,MAF.PS11.I002,9,Combiner_Box_L1,32.35295,36.292272,,,,136.5
MAF.PS11.I002.L1CB11,MAF.PS11.I002,9,Combiner_Box_L1,32.35295,36.292272,,,,156.0
MAF.PS11.I002.L1CB12,MAF.PS11.I002,9,Combiner_Box_L1,32.35295,36.292272,,,,156.0
MAF.PS11.I002.L1CB13,MAF.PS11.I002,9,Combiner_Box_L1,32.35295,36.292272,,,,156.0
MAF.PS11.I002.L1CB14,MAF.PS11.I002,9,Combiner_Box_L1,32.35295,36.292272,,,,156.0
MAF.PS11.I002.L1CB15,MAF.PS11.I002,9,Combiner_Box_L1,32.35295,36.292272,,,,97.5
MAF.PS12.I001.L1CB01,MAF.PS12.I001,9,Combiner_Box_L1,32.35295,36.292272,,,,117.0
MAF.PS12.I001.L1CB02,MAF.PS12.I001,9,Combiner_Box_L1,32.35295,36.292272,,,,117.0
MAF.PS12.I001.L1CB03,MAF.PS12.I001,9,Combiner_Box_L1,32.35295,36.292272,,,,117.0
MAF.PS12.I001.L1CB04,MAF.PS12.I001,9,Combiner_Box_L1,32.35295,36.292272,,,,136.5
MAF.PS12.I001.L1CB05,MAF.PS12.I001,9,Combiner_Box_L1,32.35295,36.292272,,,,136.5
MAF.PS12.I001.L1CB06,MAF.PS12.I001,9,Combiner_Box_L1,32.35295,36.292272,,,,156.0
MAF.PS12.I001.L1CB07,MAF.PS12.I001,9,Combiner_Box_L1,32.35295,36.292272,,,,156.0
MAF.PS12.I001.L1CB08,MAF.PS12.I001,9,Combiner_Box_L1,32.35295,36.292272,,,,156.0
MAF.PS12.I001.L1CB09,MAF.PS12.I001,9,Combiner_Box_L1,32.35295,36.292272,,,,156.0
MAF.PS12.I001.L1CB10,MAF.PS12.I001,9,Combiner_Box_L1,32.35295,36.292272,,,,156.0
MAF.PS12.I001.L1CB11,MAF.PS12.I001,9,Combiner_Box_L1,32.35295,36.292272,,,,117.0
MAF.PS12.I001.L1CB12,MAF.PS12.I001,9,Combiner_Box_L1,32.35295,36.292272,,,,117.0
MAF.PS12.I001.L1CB13,MAF.PS12.I001,9,Combiner_Box_L1,32.35295,36.292272,,,,117.0
MAF.PS12.I001.L1CB14,MAF.PS12.I001,9,Combiner_Box_L1,32.35295,36.292272,,,,136.5
MAF.PS12.I001.L1CB15,MAF.PS12.I001,9,Combiner_Box_L1,32.35295,36.292272,,,,136.5
MAF.PS12.I001.L1CB16,MAF.PS12.I001,9,Combiner_Box_L1,32.35295,36.292272,,,,136.5
MAF.PS12.I002.L1CB01,MAF.PS12.I002,9,Combiner_Box_L1,32.35295,36.292272,,,,97.5
MAF.PS12.I002.L1CB02,MAF.PS12.I002,9,Combiner_Box_L1,32.35295,36.292272,,,,117.0
MAF.PS12.I002.L1CB03,MAF.PS12.I002,9,Combiner_Box_L1,32.35295,36.292272,,,,117.0
MAF.PS12.I002.L1CB04,MAF.PS12.I002,9,Combiner_Box_L1,32.35295,36.292272,,,,117.0
MAF.PS12.I002.L1CB05,MAF.PS12.I002,9,Combiner_Box_L1,32.35295,36.292272,,,,136.5
MAF.PS12.I002.L1CB06,MAF.PS12.I002,9,Combiner_Box_L1,32.35295,36.292272,,,,136.5
MAF.PS12.I002.L1CB07,MAF.PS12.I002,9,Combiner_Box_L1,32.35295,36.292272,,,,156.0
MAF.PS12.I002.L1CB08,MAF.PS12.I002,9,Combiner_Box_L1,32.35295,36.292272,,,,156.0
MAF.PS12.I002.L1CB09,MAF.PS12.I002,9,Combiner_Box_L1,32.35295,36.292272,,,,156.0
MAF.PS12.I002.L1CB10,MAF.PS12.I002,9,Combiner_Box_L1,32.35295,36.292272,,,,156.0
MAF.PS12.I002.L1CB11,MAF.PS12.I002,9,Combiner_Box_L1,32.35295,36.292272,,,,136.5
MAF.PS12.I002.L1CB12,MAF.PS12.I002,9,Combiner_Box_L1,32.35295,36.292272,,,,136.5
MAF.PS12.I002.L1CB13,MAF.PS12.I002,9,Combiner_Box_L1,32.35295,36.292272,,,,136.5
MAF.PS12.I002.L1CB14,MAF.PS12.I002,9,Combiner_Box_L1,32.35295,36.292272,,,,136.5
MAF.PS12.I002.L1CB15,MAF.PS12.I002,9,Combiner_Box_L1,32.35295,36.292272,,,,156.0
MAF.PS12.I002.L1CB16,MAF.PS12.I002,9,Combiner_Box_L1,32.35295,36.292272,,,,97.5
MAF.PS13.I001.L1CB01,MAF.PS13.I001,9,Combiner_Box_L1,32.35295,36.292272,,,,136.5
MAF.PS13.I001.L1CB02,MAF.PS13.I001,9,Combiner_Box_L1,32.35295,36.292272,,,,136.5
MAF.PS13.I001.L1CB03,MAF.PS13.I001,9,Combiner_Box_L1,32.35295,36.292272,,,,156.0
MAF.PS13.I001.L1CB04,MAF.PS13.I001,9,Combiner_Box_L1,32.35295,36.292272,,,,156.0
MAF.PS13.I001.L1CB05,MAF.PS13.I001,9,Combiner_Box_L1,32.35295,36.292272,,,,156.0
MAF.PS13.I001.L1CB06,MAF.PS13.I001,9,Combiner_Box_L1,32.35295,36.292272,,,,156.0
MAF.PS13.I001.L1CB07,MAF.PS13.I001,9,Combiner_Box_L1,32.35295,36.292272,,,,156.0
MAF.PS13.I001.L1CB08,MAF.PS13.I001,9,Combiner_Box_L1,32.35295,36.292272,,,,136.5
MAF.PS13.I001.L1CB09,MAF.PS13.I001,9,Combiner_Box_L1,32.35295,36.292272,,,,136.5
MAF.PS13.I001.L1CB10,MAF.PS13.I001,9,Combiner_Box_L1,32.35295,36.292272,,,,156.0
MAF.PS13.I001.L1CB11,MAF.PS13.I001,9,Combiner_Box_L1,32.35295,36.292272,,,,156.0
MAF.PS13.I001.L1CB12,MAF.PS13.I001,9,Combiner_Box_L1,32.35295,36.292272,,,,156.0
MAF.PS13.I001.L1CB13,MAF.PS13.I001,9,Combiner_Box_L1,32.35295,36.292272,,,,156.0
MAF.PS13.I001.L1CB14,MAF.PS13.I001,9,Combiner_Box_L1,32.35295,36.292272,,,,156.0
MAF.PS13.I001.L1CB15,MAF.PS13.I001,9,Combiner_Box_L1,32.35295,36.292272,,,,58.5
MAF.PS13.I002.L1CB01,MAF.PS13.I002,9,Combiner_Box_L1,32.35295,36.292272,,,,136.5
MAF.PS13.I002.L1CB02,MAF.PS13.I002,9,Combiner_Box_L1,32.35295,36.292272,,,,136.5
MAF.PS13.I002.L1CB03,MAF.PS13.I002,9,Combiner_Box_L1,32.35295,36.292272,,,,156.0
MAF.PS13.I002.L1CB04,MAF.PS13.I002,9,Combiner_Box_L1,32.35295,36.292272,,,,156.0
MAF.PS13.I002.L1CB05,MAF.PS13.I002,9,Combiner_Box_L1,32.35295,36.292272,,,,156.0
MAF.PS13.I002.L1CB06,MAF.PS13.I002,9,Combiner_Box_L1,32.35295,36.292272,,,,156.0
MAF.PS13.I002.L1CB07,MAF.PS13.I002,9,Combiner_Box_L1,32.35295,36.292272,,,,156.0
MAF.PS13.I002.L1CB08,MAF.PS13.I002,9,Combiner_Box_L1,32.35295,36.292272,,,,117.0
MAF.PS13.I002.L1CB09,MAF.PS13.I002,9,Combiner_Box_L1,32.35295,36.292272,,,,117.0
MAF.PS13.I002.L1CB10,MAF.PS13.I002,9,Combiner_Box_L1,32.35295,36.292272,,,,136.5
MAF.PS13.I002.L1CB11,MAF.PS13.I002,9,Combiner_Box_L1,32.35295,36.292272,,,,156.0
MAF.PS13.I002.L1CB12,MAF.PS13.I002,9,Combiner_Box_L1,32.35295,36.292272,,,,156.0
MAF.PS13.I002.L1CB13,MAF.PS13.I002,9,Combiner_Box_L1,32.35295,36.292272,,,,156.0
MAF.PS13.I002.L1CB14,MAF.PS13.I002,9,Combiner_Box_L1,32.35295,36.292272,,,,156.0
MAF.PS13.I002.L1CB15,MAF.PS13.I002,9,Combiner_Box_L1,32.35295,36.292272,,,,97.5
MAF.PS14.I001.L1CB01,MAF.PS14.I001,9,Combiner_Box_L1,32.35295,36.292272,,,,136.5
MAF.PS14.I001.L1CB02,MAF.PS14.I001,9,Combiner_Box_L1,32.35295,36.292272,,,,136.5
MAF.PS14.I001.L1CB03,MAF.PS14.I001,9,Combiner_Box_L1,32.35295,36.292272,,,,136.5
MAF.PS14.I001.L1CB04,MAF.PS14.I001,9,Combiner_Box_L1,32.35295,36.292272,,,,136.5
MAF.PS14.I001.L1CB05,MAF.PS14.I001,9,Combiner_Box_L1,32.35295,36.292272,,,,156.0
MAF.PS14.I001.L1CB06,MAF.PS14.I001,9,Combiner_Box_L1,32.35295,36.292272,,,,117.0
MAF.PS14.I001.L1CB07,MAF.PS14.I001,9,Combiner_Box_L1,32.35295,36.292272,,,,117.0
MAF.PS14.I001.L1CB08,MAF.PS14.I001,9,Combiner_Box_L1,32.35295,36.292272,,,,117.0
MAF.PS14.I001.L1CB09,MAF.PS14.I001,9,Combiner_Box_L1,32.35295,36.292272,,,,136.5
MAF.PS14.I001.L1CB10,MAF.PS14.I001,9,Combiner_Box_L1,32.35295,36.292272,,,,156.0
MAF.PS14.I001.L1CB11,MAF.PS14.I001,9,Combiner_Box_L1,32.35295,36.292272,,,,156.0
MAF.PS14.I001.L1CB12,MAF.PS14.I001,9,Combiner_Box_L1,32.35295,36.292272,,,,156.0
MAF.PS14.I001.L1CB13,MAF.PS14.I001,9,Combiner_Box_L1,32.35295,36.292272,,,,117.0
MAF.PS14.I001.L1CB14,MAF.PS14.I001,9,Combiner_Box_L1,32.35295,36.292272,,,,117.0
MAF.PS14.I001.L1CB15,MAF.PS14.I001,9,Combiner_Box_L1,32.35295,36.292272,,,,117.0
MAF.PS14.I001.L1CB16,MAF.PS14.I001,9,Combiner_Box_L1,32.35295,36.292272,,,,156.0
MAF.PS14.I002.L1CB01,MAF.PS14.I002,9,Combiner_Box_L1,32.35295,36.292272,,,,97.5
MAF.PS14.I002.L1CB02,MAF.PS14.I002,9,Combiner_Box_L1,32.35295,36.292272,,,,97.5
MAF.PS14.I002.L1CB03,MAF.PS14.I002,9,Combiner_Box_L1,32.35295,36.292272,,,,136.5
MAF.PS14.I002.L1CB04,MAF.PS14.I002,9,Combiner_Box_L1,32.35295,36.292272,,,,136.5
MAF.PS14.I002.L1CB05,MAF.PS14.I002,9,Combiner_Box_L1,32.35295,36.292272,,,,136.5
MAF.PS14.I002.L1CB06,MAF.PS14.I002,9,Combiner_Box_L1,32.35295,36.292272,,,,136.5
MAF.PS14.I002.L1CB07,MAF.PS14.I002,9,Combiner_Box_L1,32.35295,36.292272,,,,156.0
MAF.PS14.I002.L1CB08,MAF.PS14.I002,9,Combiner_Box_L1,32.35295,36.292272,,,,136.5
MAF.PS14.I002.L1CB09,MAF.PS14.I002,9,Combiner_Box_L1,32.35295,36.292272,,,,136.5
MAF.PS14.I002.L1CB10,MAF.PS14.I002,9,Combiner_Box_L1,32.35295,36.292272,,,,136.5
MAF.PS14.I002.L1CB11,MAF.PS14.I002,9,Combiner_Box_L1,32.35295,36.292272,,,,136.5
MAF.PS14.I002.L1CB12,MAF.PS14.I002,9,Combiner_Box_L1,32.35295,36.292272,,,,156.0
MAF.PS14.I002.L1CB13,MAF.PS14.I002,9,Combiner_Box_L1,32.35295,36.292272,,,,136.5
MAF.PS14.I002.L1CB14,MAF.PS14.I002,9,Combiner_Box_L1,32.35295,36.292272,,,,136.5
MAF.PS14.I002.L1CB15,MAF.PS14.I002,9,Combiner_Box_L1,32.35295,36.292272,,,,136.5
MAF.PS14.I002.L1CB16,MAF.PS14.I002,9,Combiner_Box_L1,32.35295,36.292272,,,,136.5
MAF.PS15.I001.L1CB01,MAF.PS15.I001,9,Combiner_Box_L1,32.35295,36.292272,,,,136.5
MAF.PS15.I001.L1CB02,MAF.PS15.I001,9,Combiner_Box_L1,32.35295,36.292272,,,,136.5
MAF.PS15.I001.L1CB03,MAF.PS15.I001,9,Combiner_Box_L1,32.35295,36.292272,,,,156.0
MAF.PS15.I001.L1CB04,MAF.PS15.I001,9,Combiner_Box_L1,32.35295,36.292272,,,,156.0
MAF.PS15.I001.L1CB05,MAF.PS15.I001,9,Combiner_Box_L1,32.35295,36.292272,,,,156.0
MAF.PS15.I001.L1CB06,MAF.PS15.I001,9,Combiner_Box_L1,32.35295,36.292272,,,,156.0
MAF.PS15.I001.L1CB07,MAF.PS15.I001,9,Combiner_Box_L1,32.35295,36.292272,,,,156.0
MAF.PS15.I001.L1CB08,MAF.PS15.I001,9,Combiner_Box_L1,32.35295,36.292272,,,,136.5
MAF.PS15.I001.L1CB09,MAF.PS15.I001,9,Combiner_Box_L1,32.35295,36.292272,,,,136.5
MAF.PS15.I001.L1CB10,MAF.PS15.I001,9,Combiner_Box_L1,32.35295,36.292272,,,,156.0
MAF.PS15.I001.L1CB11,MAF.PS15.I001,9,Combiner_Box_L1,32.35295,36.292272,,,,156.0
MAF.PS15.I001.L1CB12,MAF.PS15.I001,9,Combiner_Box_L1,32.35295,36.292272,,,,156.0
MAF.PS15.I001.L1CB13,MAF.PS15.I001,9,Combiner_Box_L1,32.35295,36.292272,,,,156.0
MAF.PS15.I001.L1CB14,MAF.PS15.I001,9,Combiner_Box_L1,32.35295,36.292272,,,,156.0
MAF.PS15.I001.L1CB15,MAF.PS15.I001,9,Combiner_Box_L1,32.35295,36.292272,,,,58.5
MAF.PS15.I002.L1CB01,MAF.PS15.I002,9,Combiner_Box_L1,32.35295,36.292272,,,,136.5
MAF.PS15.I002.L1CB02,MAF.PS15.I002,9,Combiner_Box_L1,32.35295,36.292272,,,,136.5
MAF.PS15.I002.L1CB03,MAF.PS15.I002,9,Combiner_Box_L1,32.35295,36.292272,,,,156.0
MAF.PS15.I002.L1CB04,MAF.PS15.I002,9,Combiner_Box_L1,32.35295,36.292272,,,,156.0
MAF.PS15.I002.L1CB05,MAF.PS15.I002,9,Combiner_Box_L1,32.35295,36.292272,,,,156.0
MAF.PS15.I002.L1CB06,MAF.PS15.I002,9,Combiner_Box_L1,32.35295,36.292272,,,,156.0
MAF.PS15.I002.L1CB07,MAF.PS15.I002,9,Combiner_Box_L1,32.35295,36.292272,,,,156.0
MAF.PS15.I002.L1CB08,MAF.PS15.I002,9,Combiner_Box_L1,32.35295,36.292272,,,,117.0
MAF.PS15.I002.L1CB09,MAF.PS15.I002,9,Combiner_Box_L1,32.35295,36.292272,,,,117.0
MAF.PS15.I002.L1CB10,MAF.PS15.I002,9,Combiner_Box_L1,32.35295,36.292272,,,,136.5
MAF.PS15.I002.L1CB11,MAF.PS15.I002,9,Combiner_Box_L1,32.35295,36.292272,,,,156.0
MAF.PS15.I002.L1CB12,MAF.PS15.I002,9,Combiner_Box_L1,32.35295,36.292272,,,,156.0
MAF.PS15.I002.L1CB13,MAF.PS15.I002,9,Combiner_Box_L1,32.35295,36.292272,,,,156.0
MAF.PS15.I002.L1CB14,MAF.PS15.I002,9,Combiner_Box_L1,32.35295,36.292272,,,,156.0
MAF.PS15.I002.L1CB15,MAF.PS15.I002,9,Combiner_Box_L1,32.35295,36.292272,,,,97.5
MAF.PS16.I001.L1CB01,MAF.PS16.I001,9,Combiner_Box_L1,32.35295,36.292272,,,,136.5
MAF.PS16.I001.L1CB02,MAF.PS16.I001,9,Combiner_Box_L1,32.35295,36.292272,,,,136.5
MAF.PS16.I001.L1CB03,MAF.PS16.I001,9,Combiner_Box_L1,32.35295,36.292272,,,,136.5
MAF.PS16.I001.L1CB04,MAF.PS16.I001,9,Combiner_Box_L1,32.35295,36.292272,,,,136.5
MAF.PS16.I001.L1CB05,MAF.PS16.I001,9,Combiner_Box_L1,32.35295,36.292272,,,,156.0
MAF.PS16.I001.L1CB06,MAF.PS16.I001,9,Combiner_Box_L1,32.35295,36.292272,,,,136.5
MAF.PS16.I001.L1CB07,MAF.PS16.I001,9,Combiner_Box_L1,32.35295,36.292272,,,,136.5
MAF.PS16.I001.L1CB08,MAF.PS16.I001,9,Combiner_Box_L1,32.35295,36.292272,,,,156.0
MAF.PS16.I001.L1CB09,MAF.PS16.I001,9,Combiner_Box_L1,32.35295,36.292272,,,,156.0
MAF.PS16.I001.L1CB10,MAF.PS16.I001,9,Combiner_Box_L1,32.35295,36.292272,,,,156.0
MAF.PS16.I001.L1CB11,MAF.PS16.I001,9,Combiner_Box_L1,32.35295,36.292272,,,,156.0
MAF.PS16.I001.L1CB12,MAF.PS16.I001,9,Combiner_Box_L1,32.35295,36.292272,,,,136.5
MAF.PS16.I001.L1CB13,MAF.PS16.I001,9,Combiner_Box_L1,32.35295,36.292272,,,,156.0
MAF.PS16.I001.L1CB14,MAF.PS16.I001,9,Combiner_Box_L1,32.35295,36.292272,,,,156.0
MAF.PS01.I001,MAF.PS01.I001,9,Inverter,32.35295,36.292272,,,,2164.5
MAF.PS01.I002,MAF.PS01.I002,9,Inverter,32.35295,36.292272,,,,2145.0
MAF.PS02.I001,MAF.PS02.I001,9,Inverter,32.35295,36.292272,,,,2164.5
MAF.PS02.I002,MAF.PS02.I002,9,Inverter,32.35295,36.292272,,,,2145.0
MAF.PS03.I001,MAF.PS03.I001,9,Inverter,32.35295,36.292272,,,,2164.5
MAF.PS03.I002,MAF.PS03.I002,9,Inverter,32.35295,36.292272,,,,2145.0
MAF.PS04.I001,MAF.PS04.I001,9,Inverter,32.35295,36.292272,,,,2164.5
MAF.PS04.I002,MAF.PS04.I002,9,Inverter,32.35295,36.292272,,,,2145.0
MAF.PS05.I001,MAF.PS05.I001,9,Inverter,32.35295,36.292272,,,,2164.5
MAF.PS05.I002,MAF.PS05.I002,9,Inverter,32.35295,36.292272,,,,2145.0
MAF.PS06.I001,MAF.PS06.I001,9,Inverter,32.35295,36.292272,,,,2164.5
MAF.PS06.I002,MAF.PS06.I002,9,Inverter,32.35295,36.292272,,,,2145.0
MAF.PS07.I001,MAF.PS07.I001,9,Inverter,32.35295,36.292272,,,,2164.5
MAF.PS07.I002,MAF.PS07.I002,9,Inverter,32.35295,36.292272,,,,2145.0
MAF.PS08.I001,MAF.PS08.I001,9,Inverter,32.35295,36.292272,,,,2145.0
MAF.PS08.I002,MAF.PS08.I002,9,Inverter,32.35295,36.292272,,,,2164.5
MAF.PS09.I001,MAF.PS09.I001,9,Inverter,32.35295,36.292272,,,,2164.5
MAF.PS09.I002,MAF.PS09.I002,9,Inverter,32.35295,36.292272,,,,2145.0
MAF.PS10.I001,MAF.PS10.I001,9,Inverter,32.35295,36.292272,,,,2145.0
MAF.PS10.I002,MAF.PS10.I002,9,Inverter,32.35295,36.292272,,,,2164.5
MAF.PS11.I001,MAF.PS11.I001,9,Inverter,32.35295,36.292272,,,,2164.5
MAF.PS11.I002,MAF.PS11.I002,9,Inverter,32.35295,36.292272,,,,2145.0
MAF.PS12.I001,MAF.PS12.I001,9,Inverter,32.35295,36.292272,,,,2164.5
MAF.PS12.I002,MAF.PS12.I002,9,Inverter,32.35295,36.292272,,,,2145.0
MAF.PS13.I001,MAF.PS13.I001,9,Inverter,32.35295,36.292272,,,,2164.5
MAF.PS13.I002,MAF.PS13.I002,9,Inverter,32.35295,36.292272,,,,2145.0
MAF.PS14.I001,MAF.PS14.I001,9,Inverter,32.35295,36.292272,,,,2164.5
MAF.PS14.I002,MAF.PS14.I002,9,Inverter,32.35295,36.292272,,,,2145.0
MAF.PS15.I001,MAF.PS15.I001,9,Inverter,32.35295,36.292272,,,,2164.5
MAF.PS15.I002,MAF.PS15.I002,9,Inverter,32.35295,36.292272,,,,2145.0
MAF.PS16.I001,MAF.PS16.I001,9,Inverter,32.35295,36.292272,,,,2047.5
